# Monthly laboratory-confirmed K. pneumoniae sepsis cases (0-59 months) and deaths at Bansang Hospital,
# from the epidemic curve of the original outbreak report (Adefila et al. 2025, ref. 25); November 2023
# set to 3 cases to match the isolate-level data (three WGS-confirmed clinical K. pneumoniae that month).
month,cases,deaths
2023-01,1,0
2023-02,1,0
2023-03,3,0
2023-04,4,0
2023-05,4,0
2023-06,10,6
2023-07,11,6
2023-08,10,6
2023-09,11,7
2023-10,7,6
2023-11,3,1
2023-12,4,3
2024-01,11,0
2024-02,0,0
2024-03,0,0
