id,year,month,st,status
37699B1,2023,2,ST25,Neonate
32433B1,2023,4,ST5030,Neonate
37956B1,2023,4,ST25-1LV,Neonate
37998B1,2023,4,ST25,Neonate
38077B1,2023,5,ST3405-1LV,Neonate
38248B1,2023,6,ST1788-1LV,Neonate
38264B1,2023,6,ST39,Neonate
38277B1,2023,6,ST39,Neonate
38279B1,2023,6,ST1788,Neonate
38326B1,2023,6,ST39,Neonate
38403B1,2023,7,ST39,Neonate
38454B1,2023,7,ST39,Neonate
38466B1,2023,7,ST39,Neonate
38488B1,2023,7,ST1552,Neonate
38513B1,2023,7,ST1552,Neonate
38552B1,2023,7,ST39,Neonate
38591B1,2023,8,ST815,Neonate
38614B1,2023,8,ST39,Non-neonate
38619B1,2023,8,ST37,Neonate
38680B1,2023,8,ST39,Neonate
38710B1,2023,8,ST39,Neonate
38755B1,2023,9,ST39,Neonate
38764B1,2023,9,ST39,Neonate
38768B1,2023,9,ST39,Neonate
38816B1,2023,9,ST39,Neonate
38826B1,2023,9,ST39,Neonate
38832B1,2023,9,ST39,Neonate
38833B1,2023,9,ST39,Neonate
38895B1,2023,9,ST39,Non-neonate
06719B1,2023,10,ST711,Non-neonate
38972B1,2023,10,ST39,Neonate
38995B1,2023,10,ST39,Neonate
38998B1,2023,10,ST39,Neonate
25849B1,2023,11,ST22,Neonate
43264B1,2023,11,ST39,Neonate
43365B1,2023,11,ST39,Neonate
43409B1,2023,12,ST39,Neonate
43451B1,2023,12,ST39,Neonate
44211B1,2023,12,ST39,Non-neonate
43479B1,2024,1,ST39,Neonate
43515B1,2024,1,ST39,Neonate
43522B1,2024,1,ST39,Neonate
